study_cd,keyword_cd,created_at
1,2,2024-12-26 17:13:18
1,1,2024-12-26 17:13:18
1,5,2024-12-26 17:13:18
1,10,2024-12-26 17:13:18
1,7,2024-12-26 17:13:18
2,2,2024-12-26 17:13:18
2,9,2024-12-26 17:13:18
2,10,2024-12-26 17:13:18
3,7,2024-12-26 17:13:18
3,1,2024-12-26 17:13:18
3,9,2024-12-26 17:13:18
3,8,2024-12-26 17:13:18
3,2,2024-12-26 17:13:18
4,9,2024-12-26 17:13:18
4,1,2024-12-26 17:13:18
4,4,2024-12-26 17:13:18
5,9,2024-12-26 17:13:18
5,7,2024-12-26 17:13:18
5,4,2024-12-26 17:13:18
5,8,2024-12-26 17:13:18
5,5,2024-12-26 17:13:18
6,1,2024-12-26 17:13:18
6,3,2024-12-26 17:13:18
6,7,2024-12-26 17:13:18
6,9,2024-12-26 17:13:18
7,3,2024-12-26 17:13:18
7,4,2024-12-26 17:13:18
7,6,2024-12-26 17:13:18
7,1,2024-12-26 17:13:18
8,7,2024-12-26 17:13:18
8,2,2024-12-26 17:13:18
8,6,2024-12-26 17:13:18
9,10,2024-12-26 17:13:18
9,5,2024-12-26 17:13:18
9,1,2024-12-26 17:13:18
9,6,2024-12-26 17:13:18
10,9,2024-12-26 17:13:18
10,2,2024-12-26 17:13:18
10,7,2024-12-26 17:13:18
10,1,2024-12-26 17:13:18
11,5,2024-12-26 17:13:18
11,6,2024-12-26 17:13:18
11,4,2024-12-26 17:13:18
11,9,2024-12-26 17:13:18
11,1,2024-12-26 17:13:18
12,4,2024-12-26 17:13:18
12,5,2024-12-26 17:13:18
12,2,2024-12-26 17:13:18
13,2,2024-12-26 17:13:18
13,7,2024-12-26 17:13:18
13,5,2024-12-26 17:13:18
14,6,2024-12-26 17:13:18
14,3,2024-12-26 17:13:18
14,10,2024-12-26 17:13:18
14,9,2024-12-26 17:13:18
15,5,2024-12-26 17:13:18
15,2,2024-12-26 17:13:18
15,3,2024-12-26 17:13:18
16,4,2024-12-26 17:13:18
16,3,2024-12-26 17:13:18
16,8,2024-12-26 17:13:18
16,10,2024-12-26 17:13:18
16,9,2024-12-26 17:13:18
17,9,2024-12-26 17:13:18
17,4,2024-12-26 17:13:18
17,6,2024-12-26 17:13:18
17,7,2024-12-26 17:13:18
17,1,2024-12-26 17:13:18
18,1,2024-12-26 17:13:18
18,6,2024-12-26 17:13:18
18,7,2024-12-26 17:13:18
19,2,2024-12-26 17:13:18
19,4,2024-12-26 17:13:18
19,6,2024-12-26 17:13:18
19,10,2024-12-26 17:13:18
20,8,2024-12-26 17:13:18
20,7,2024-12-26 17:13:18
20,10,2024-12-26 17:13:18
20,2,2024-12-26 17:13:18
20,3,2024-12-26 17:13:18
21,4,2024-12-26 17:13:18
21,9,2024-12-26 17:13:18
21,5,2024-12-26 17:13:18
22,10,2024-12-26 17:13:18
22,7,2024-12-26 17:13:18
22,9,2024-12-26 17:13:18
22,3,2024-12-26 17:13:18
22,2,2024-12-26 17:13:18
23,9,2024-12-26 17:13:18
23,8,2024-12-26 17:13:18
23,2,2024-12-26 17:13:18
24,2,2024-12-26 17:13:18
24,3,2024-12-26 17:13:18
24,9,2024-12-26 17:13:18
25,7,2024-12-26 17:13:18
25,2,2024-12-26 17:13:18
25,10,2024-12-26 17:13:18
25,4,2024-12-26 17:13:18
25,5,2024-12-26 17:13:18
26,9,2024-12-26 17:13:18
26,5,2024-12-26 17:13:18
26,1,2024-12-26 17:13:18
26,6,2024-12-26 17:13:18
27,2,2024-12-26 17:13:18
27,9,2024-12-26 17:13:18
27,5,2024-12-26 17:13:18
27,7,2024-12-26 17:13:18
27,6,2024-12-26 17:13:18
28,2,2024-12-26 17:13:18
28,5,2024-12-26 17:13:18
28,7,2024-12-26 17:13:18
28,10,2024-12-26 17:13:18
29,1,2024-12-26 17:13:18
29,5,2024-12-26 17:13:18
29,3,2024-12-26 17:13:18
29,9,2024-12-26 17:13:18
30,5,2024-12-26 17:13:18
30,9,2024-12-26 17:13:18
30,4,2024-12-26 17:13:18
31,6,2024-12-26 17:13:18
31,3,2024-12-26 17:13:18
31,1,2024-12-26 17:13:18
32,6,2024-12-26 17:13:18
32,8,2024-12-26 17:13:18
32,1,2024-12-26 17:13:18
32,9,2024-12-26 17:13:18
32,3,2024-12-26 17:13:18
33,4,2024-12-26 17:13:18
33,1,2024-12-26 17:13:18
33,10,2024-12-26 17:13:18
33,5,2024-12-26 17:13:18
34,2,2024-12-26 17:13:18
34,8,2024-12-26 17:13:18
34,10,2024-12-26 17:13:18
35,3,2024-12-26 17:13:18
35,10,2024-12-26 17:13:18
35,8,2024-12-26 17:13:18
35,5,2024-12-26 17:13:18
35,2,2024-12-26 17:13:18
36,9,2024-12-26 17:13:18
36,7,2024-12-26 17:13:18
36,4,2024-12-26 17:13:18
36,5,2024-12-26 17:13:18
37,4,2024-12-26 17:13:18
37,5,2024-12-26 17:13:18
37,7,2024-12-26 17:13:18
37,6,2024-12-26 17:13:18
37,8,2024-12-26 17:13:18
38,8,2024-12-26 17:13:18
38,9,2024-12-26 17:13:18
38,10,2024-12-26 17:13:18
38,1,2024-12-26 17:13:18
39,4,2024-12-26 17:13:18
39,2,2024-12-26 17:13:18
39,6,2024-12-26 17:13:18
40,10,2024-12-26 17:13:18
40,9,2024-12-26 17:13:18
40,4,2024-12-26 17:13:18
41,4,2024-12-26 17:13:18
41,1,2024-12-26 17:13:18
41,2,2024-12-26 17:13:18
41,6,2024-12-26 17:13:18
41,7,2024-12-26 17:13:18
42,4,2024-12-26 17:13:18
42,2,2024-12-26 17:13:18
42,1,2024-12-26 17:13:18
43,2,2024-12-26 17:13:18
43,9,2024-12-26 17:13:18
43,4,2024-12-26 17:13:18
43,3,2024-12-26 17:13:18
44,8,2024-12-26 17:13:18
44,4,2024-12-26 17:13:18
44,3,2024-12-26 17:13:18
44,6,2024-12-26 17:13:18
44,5,2024-12-26 17:13:18
45,8,2024-12-26 17:13:18
45,4,2024-12-26 17:13:18
45,10,2024-12-26 17:13:18
45,7,2024-12-26 17:13:18
45,9,2024-12-26 17:13:18
46,2,2024-12-26 17:13:18
46,10,2024-12-26 17:13:18
46,7,2024-12-26 17:13:18
47,7,2024-12-26 17:13:18
47,10,2024-12-26 17:13:18
47,8,2024-12-26 17:13:18
47,9,2024-12-26 17:13:18
48,1,2024-12-26 17:13:18
48,2,2024-12-26 17:13:18
48,10,2024-12-26 17:13:18
48,4,2024-12-26 17:13:18
48,6,2024-12-26 17:13:18
49,2,2024-12-26 17:13:18
49,4,2024-12-26 17:13:18
49,9,2024-12-26 17:13:18
49,10,2024-12-26 17:13:18
50,8,2024-12-26 17:13:18
50,3,2024-12-26 17:13:18
50,7,2024-12-26 17:13:18
50,2,2024-12-26 17:13:18
50,9,2024-12-26 17:13:18
51,4,2024-12-26 17:13:18
51,2,2024-12-26 17:13:18
51,8,2024-12-26 17:13:18
51,7,2024-12-26 17:13:18
52,2,2024-12-26 17:13:18
52,1,2024-12-26 17:13:18
52,9,2024-12-26 17:13:18
52,8,2024-12-26 17:13:18
52,10,2024-12-26 17:13:18
53,7,2024-12-26 17:13:18
53,8,2024-12-26 17:13:18
53,9,2024-12-26 17:13:18
54,7,2024-12-26 17:13:18
54,1,2024-12-26 17:13:18
54,3,2024-12-26 17:13:18
55,1,2024-12-26 17:13:18
55,7,2024-12-26 17:13:18
55,5,2024-12-26 17:13:18
55,9,2024-12-26 17:13:18
56,5,2024-12-26 17:13:18
56,7,2024-12-26 17:13:18
56,8,2024-12-26 17:13:18
56,2,2024-12-26 17:13:18
57,5,2024-12-26 17:13:18
57,4,2024-12-26 17:13:18
57,1,2024-12-26 17:13:18
58,9,2024-12-26 17:13:18
58,1,2024-12-26 17:13:18
58,6,2024-12-26 17:13:18
58,10,2024-12-26 17:13:18
58,7,2024-12-26 17:13:18
59,8,2024-12-26 17:13:18
59,9,2024-12-26 17:13:18
59,3,2024-12-26 17:13:18
59,1,2024-12-26 17:13:18
59,5,2024-12-26 17:13:18
60,3,2024-12-26 17:13:18
60,2,2024-12-26 17:13:18
60,9,2024-12-26 17:13:18
61,4,2024-12-26 17:13:18
61,7,2024-12-26 17:13:18
61,2,2024-12-26 17:13:18
61,5,2024-12-26 17:13:18
61,8,2024-12-26 17:13:18
62,10,2024-12-26 17:13:18
62,1,2024-12-26 17:13:18
62,2,2024-12-26 17:13:18
62,4,2024-12-26 17:13:18
62,6,2024-12-26 17:13:18
63,10,2024-12-26 17:13:18
63,9,2024-12-26 17:13:18
63,6,2024-12-26 17:13:18
63,3,2024-12-26 17:13:18
63,2,2024-12-26 17:13:18
64,6,2024-12-26 17:13:18
64,4,2024-12-26 17:13:18
64,5,2024-12-26 17:13:18
64,9,2024-12-26 17:13:18
64,2,2024-12-26 17:13:18
65,5,2024-12-26 17:13:18
65,8,2024-12-26 17:13:18
65,6,2024-12-26 17:13:18
65,7,2024-12-26 17:13:18
65,1,2024-12-26 17:13:18
66,8,2024-12-26 17:13:18
66,2,2024-12-26 17:13:18
66,9,2024-12-26 17:13:18
67,4,2024-12-26 17:13:18
67,9,2024-12-26 17:13:18
67,5,2024-12-26 17:13:18
67,2,2024-12-26 17:13:18
67,3,2024-12-26 17:13:18
68,4,2024-12-26 17:13:18
68,6,2024-12-26 17:13:18
68,5,2024-12-26 17:13:18
69,8,2024-12-26 17:13:18
69,9,2024-12-26 17:13:18
69,5,2024-12-26 17:13:18
70,9,2024-12-26 17:13:18
70,1,2024-12-26 17:13:18
70,5,2024-12-26 17:13:18
70,6,2024-12-26 17:13:18
70,10,2024-12-26 17:13:18
71,5,2024-12-26 17:13:18
71,2,2024-12-26 17:13:18
71,9,2024-12-26 17:13:18
72,9,2024-12-26 17:13:18
72,3,2024-12-26 17:13:18
72,5,2024-12-26 17:13:18
72,10,2024-12-26 17:13:18
72,8,2024-12-26 17:13:18
73,6,2024-12-26 17:13:18
73,4,2024-12-26 17:13:18
73,5,2024-12-26 17:13:18
74,8,2024-12-26 17:13:18
74,5,2024-12-26 17:13:18
74,1,2024-12-26 17:13:18
74,10,2024-12-26 17:13:18
74,6,2024-12-26 17:13:18
75,5,2024-12-26 17:13:18
75,1,2024-12-26 17:13:18
75,9,2024-12-26 17:13:18
75,3,2024-12-26 17:13:18
76,5,2024-12-26 17:13:18
76,3,2024-12-26 17:13:18
76,8,2024-12-26 17:13:18
77,7,2024-12-26 17:13:18
77,9,2024-12-26 17:13:18
77,1,2024-12-26 17:13:18
77,8,2024-12-26 17:13:18
77,10,2024-12-26 17:13:18
78,3,2024-12-26 17:13:18
78,9,2024-12-26 17:13:18
78,1,2024-12-26 17:13:18
78,7,2024-12-26 17:13:18
78,10,2024-12-26 17:13:18
79,9,2024-12-26 17:13:18
79,3,2024-12-26 17:13:18
79,7,2024-12-26 17:13:18
79,2,2024-12-26 17:13:18
79,1,2024-12-26 17:13:18
80,6,2024-12-26 17:13:18
80,1,2024-12-26 17:13:18
80,10,2024-12-26 17:13:18
80,2,2024-12-26 17:13:18
81,4,2024-12-26 17:13:18
81,2,2024-12-26 17:13:18
81,6,2024-12-26 17:13:18
81,7,2024-12-26 17:13:18
81,5,2024-12-26 17:13:18
82,10,2024-12-26 17:13:18
82,3,2024-12-26 17:13:18
82,4,2024-12-26 17:13:18
82,7,2024-12-26 17:13:18
83,3,2024-12-26 17:13:18
83,7,2024-12-26 17:13:18
83,1,2024-12-26 17:13:18
84,6,2024-12-26 17:13:18
84,7,2024-12-26 17:13:18
84,4,2024-12-26 17:13:18
85,3,2024-12-26 17:13:18
85,2,2024-12-26 17:13:18
85,7,2024-12-26 17:13:18
85,8,2024-12-26 17:13:18
86,8,2024-12-26 17:13:18
86,4,2024-12-26 17:13:18
86,9,2024-12-26 17:13:18
87,6,2024-12-26 17:13:18
87,5,2024-12-26 17:13:18
87,4,2024-12-26 17:13:18
87,2,2024-12-26 17:13:18
88,4,2024-12-26 17:13:18
88,7,2024-12-26 17:13:18
88,6,2024-12-26 17:13:18
89,2,2024-12-26 17:13:18
89,5,2024-12-26 17:13:18
89,6,2024-12-26 17:13:18
89,8,2024-12-26 17:13:18
90,7,2024-12-26 17:13:18
90,9,2024-12-26 17:13:18
90,6,2024-12-26 17:13:18
90,1,2024-12-26 17:13:18
90,10,2024-12-26 17:13:18
91,3,2024-12-26 17:13:18
91,5,2024-12-26 17:13:18
91,1,2024-12-26 17:13:18
91,8,2024-12-26 17:13:18
92,7,2024-12-26 17:13:18
92,6,2024-12-26 17:13:18
92,9,2024-12-26 17:13:18
92,4,2024-12-26 17:13:18
92,5,2024-12-26 17:13:18
93,2,2024-12-26 17:13:18
93,7,2024-12-26 17:13:18
93,4,2024-12-26 17:13:18
93,3,2024-12-26 17:13:18
93,1,2024-12-26 17:13:18
94,7,2024-12-26 17:13:18
94,1,2024-12-26 17:13:18
94,4,2024-12-26 17:13:18
94,3,2024-12-26 17:13:18
94,8,2024-12-26 17:13:18
95,6,2024-12-26 17:13:18
95,10,2024-12-26 17:13:18
95,2,2024-12-26 17:13:18
96,5,2024-12-26 17:13:18
96,9,2024-12-26 17:13:18
96,10,2024-12-26 17:13:18
96,6,2024-12-26 17:13:18
96,4,2024-12-26 17:13:18
97,7,2024-12-26 17:13:18
97,5,2024-12-26 17:13:18
97,3,2024-12-26 17:13:18
97,2,2024-12-26 17:13:18
98,7,2024-12-26 17:13:18
98,3,2024-12-26 17:13:18
98,5,2024-12-26 17:13:18
98,4,2024-12-26 17:13:18
99,1,2024-12-26 17:13:18
99,5,2024-12-26 17:13:18
99,9,2024-12-26 17:13:18
99,2,2024-12-26 17:13:18
99,4,2024-12-26 17:13:18
100,10,2024-12-26 17:13:18
100,6,2024-12-26 17:13:18
100,8,2024-12-26 17:13:18
100,4,2024-12-26 17:13:18
100,7,2024-12-26 17:13:18
101,4,2024-12-26 17:13:18
101,9,2024-12-26 17:13:18
101,8,2024-12-26 17:13:18
101,7,2024-12-26 17:13:18
101,6,2024-12-26 17:13:18
102,2,2024-12-26 17:13:18
102,5,2024-12-26 17:13:18
102,6,2024-12-26 17:13:18
103,4,2024-12-26 17:13:18
103,5,2024-12-26 17:13:18
103,10,2024-12-26 17:13:18
104,3,2024-12-26 17:13:18
104,1,2024-12-26 17:13:18
104,9,2024-12-26 17:13:18
105,8,2024-12-26 17:13:18
105,2,2024-12-26 17:13:18
105,10,2024-12-26 17:13:18
106,10,2024-12-26 17:13:18
106,4,2024-12-26 17:13:18
106,7,2024-12-26 17:13:18
106,9,2024-12-26 17:13:18
107,4,2024-12-26 17:13:18
107,3,2024-12-26 17:13:18
107,1,2024-12-26 17:13:18
107,7,2024-12-26 17:13:18
108,7,2024-12-26 17:13:18
108,4,2024-12-26 17:13:18
108,3,2024-12-26 17:13:18
109,9,2024-12-26 17:13:18
109,8,2024-12-26 17:13:18
109,1,2024-12-26 17:13:18
109,5,2024-12-26 17:13:18
109,2,2024-12-26 17:13:18
110,8,2024-12-26 17:13:18
110,3,2024-12-26 17:13:18
110,10,2024-12-26 17:13:18
111,9,2024-12-26 17:13:18
111,10,2024-12-26 17:13:18
111,6,2024-12-26 17:13:18
111,7,2024-12-26 17:13:18
111,4,2024-12-26 17:13:18
112,9,2024-12-26 17:13:18
112,7,2024-12-26 17:13:18
112,8,2024-12-26 17:13:18
112,2,2024-12-26 17:13:18
112,6,2024-12-26 17:13:18
113,8,2024-12-26 17:13:18
113,5,2024-12-26 17:13:18
113,4,2024-12-26 17:13:18
113,7,2024-12-26 17:13:18
114,5,2024-12-26 17:13:18
114,9,2024-12-26 17:13:18
114,8,2024-12-26 17:13:18
114,6,2024-12-26 17:13:18
114,2,2024-12-26 17:13:18
115,8,2024-12-26 17:13:18
115,2,2024-12-26 17:13:18
115,5,2024-12-26 17:13:18
115,9,2024-12-26 17:13:18
116,6,2024-12-26 17:13:18
116,10,2024-12-26 17:13:18
116,2,2024-12-26 17:13:18
116,8,2024-12-26 17:13:18
117,4,2024-12-26 17:13:18
117,7,2024-12-26 17:13:18
117,3,2024-12-26 17:13:18
118,4,2024-12-26 17:13:18
118,2,2024-12-26 17:13:18
118,7,2024-12-26 17:13:18
118,10,2024-12-26 17:13:18
118,3,2024-12-26 17:13:18
119,8,2024-12-26 17:13:18
119,7,2024-12-26 17:13:18
119,1,2024-12-26 17:13:18
119,2,2024-12-26 17:13:18
119,4,2024-12-26 17:13:18
120,10,2024-12-26 17:13:18
120,1,2024-12-26 17:13:18
120,7,2024-12-26 17:13:18
120,4,2024-12-26 17:13:18
121,6,2024-12-26 17:13:18
121,5,2024-12-26 17:13:18
121,7,2024-12-26 17:13:18
122,9,2024-12-26 17:13:18
122,10,2024-12-26 17:13:18
122,4,2024-12-26 17:13:18
122,8,2024-12-26 17:13:18
123,5,2024-12-26 17:13:18
123,7,2024-12-26 17:13:18
123,8,2024-12-26 17:13:18
124,7,2024-12-26 17:13:18
124,6,2024-12-26 17:13:18
124,10,2024-12-26 17:13:18
125,3,2024-12-26 17:13:18
125,8,2024-12-26 17:13:18
125,10,2024-12-26 17:13:18
125,5,2024-12-26 17:13:18
125,7,2024-12-26 17:13:18
126,7,2024-12-26 17:13:18
126,1,2024-12-26 17:13:18
126,2,2024-12-26 17:13:18
127,7,2024-12-26 17:13:18
127,3,2024-12-26 17:13:18
127,8,2024-12-26 17:13:18
127,2,2024-12-26 17:13:18
127,1,2024-12-26 17:13:18
128,7,2024-12-26 17:13:18
128,6,2024-12-26 17:13:18
128,4,2024-12-26 17:13:18
128,8,2024-12-26 17:13:18
129,6,2024-12-26 17:13:18
129,7,2024-12-26 17:13:18
129,5,2024-12-26 17:13:18
129,9,2024-12-26 17:13:18
130,5,2024-12-26 17:13:18
130,2,2024-12-26 17:13:18
130,8,2024-12-26 17:13:18
130,1,2024-12-26 17:13:18
131,9,2024-12-26 17:13:18
131,1,2024-12-26 17:13:18
131,6,2024-12-26 17:13:18
131,2,2024-12-26 17:13:18
131,8,2024-12-26 17:13:18
132,1,2024-12-26 17:13:18
132,10,2024-12-26 17:13:18
132,4,2024-12-26 17:13:18
133,1,2024-12-26 17:13:18
133,3,2024-12-26 17:13:18
133,4,2024-12-26 17:13:18
134,8,2024-12-26 17:13:18
134,2,2024-12-26 17:13:18
134,4,2024-12-26 17:13:18
135,5,2024-12-26 17:13:18
135,6,2024-12-26 17:13:18
135,3,2024-12-26 17:13:18
135,10,2024-12-26 17:13:18
136,2,2024-12-26 17:13:18
136,3,2024-12-26 17:13:18
136,5,2024-12-26 17:13:18
136,1,2024-12-26 17:13:18
136,8,2024-12-26 17:13:18
137,5,2024-12-26 17:13:18
137,7,2024-12-26 17:13:18
137,9,2024-12-26 17:13:18
138,4,2024-12-26 17:13:18
138,2,2024-12-26 17:13:18
138,10,2024-12-26 17:13:18
138,1,2024-12-26 17:13:18
138,6,2024-12-26 17:13:18
139,10,2024-12-26 17:13:18
139,2,2024-12-26 17:13:18
139,1,2024-12-26 17:13:18
139,3,2024-12-26 17:13:18
140,7,2024-12-26 17:13:18
140,6,2024-12-26 17:13:18
140,2,2024-12-26 17:13:18
140,5,2024-12-26 17:13:18
140,9,2024-12-26 17:13:18
141,1,2024-12-26 17:13:18
141,7,2024-12-26 17:13:18
141,8,2024-12-26 17:13:18
141,10,2024-12-26 17:13:18
142,6,2024-12-26 17:13:18
142,8,2024-12-26 17:13:18
142,3,2024-12-26 17:13:18
142,4,2024-12-26 17:13:18
143,9,2024-12-26 17:13:18
143,5,2024-12-26 17:13:18
143,8,2024-12-26 17:13:18
144,7,2024-12-26 17:13:18
144,5,2024-12-26 17:13:18
144,6,2024-12-26 17:13:18
144,10,2024-12-26 17:13:18
145,2,2024-12-26 17:13:18
145,5,2024-12-26 17:13:18
145,8,2024-12-26 17:13:18
146,8,2024-12-26 17:13:18
146,7,2024-12-26 17:13:18
146,6,2024-12-26 17:13:18
147,8,2024-12-26 17:13:18
147,6,2024-12-26 17:13:18
147,3,2024-12-26 17:13:18
148,4,2024-12-26 17:13:18
148,6,2024-12-26 17:13:18
148,5,2024-12-26 17:13:18
148,3,2024-12-26 17:13:18
149,10,2024-12-26 17:13:18
149,5,2024-12-26 17:13:18
149,1,2024-12-26 17:13:18
149,9,2024-12-26 17:13:18
150,2,2024-12-26 17:13:18
150,4,2024-12-26 17:13:18
150,7,2024-12-26 17:13:18
151,9,2024-12-26 17:13:18
151,4,2024-12-26 17:13:18
151,8,2024-12-26 17:13:18
151,6,2024-12-26 17:13:18
152,8,2024-12-26 17:13:18
152,10,2024-12-26 17:13:18
152,1,2024-12-26 17:13:18
152,9,2024-12-26 17:13:18
152,3,2024-12-26 17:13:18
153,7,2024-12-26 17:13:18
153,4,2024-12-26 17:13:18
153,5,2024-12-26 17:13:18
154,10,2024-12-26 17:13:18
154,6,2024-12-26 17:13:18
154,8,2024-12-26 17:13:18
154,5,2024-12-26 17:13:18
154,7,2024-12-26 17:13:18
155,7,2024-12-26 17:13:18
155,9,2024-12-26 17:13:18
155,6,2024-12-26 17:13:18
155,3,2024-12-26 17:13:18
156,8,2024-12-26 17:13:18
156,5,2024-12-26 17:13:18
156,9,2024-12-26 17:13:18
156,3,2024-12-26 17:13:18
156,2,2024-12-26 17:13:18
157,4,2024-12-26 17:13:18
157,6,2024-12-26 17:13:18
157,2,2024-12-26 17:13:18
158,9,2024-12-26 17:13:18
158,3,2024-12-26 17:13:18
158,4,2024-12-26 17:13:18
158,2,2024-12-26 17:13:18
158,6,2024-12-26 17:13:18
159,5,2024-12-26 17:13:18
159,9,2024-12-26 17:13:18
159,10,2024-12-26 17:13:18
159,1,2024-12-26 17:13:18
160,5,2024-12-26 17:13:18
160,4,2024-12-26 17:13:18
160,6,2024-12-26 17:13:18
161,5,2024-12-26 17:13:18
161,1,2024-12-26 17:13:18
161,3,2024-12-26 17:13:18
162,1,2024-12-26 17:13:18
162,10,2024-12-26 17:13:18
162,5,2024-12-26 17:13:18
162,6,2024-12-26 17:13:18
163,8,2024-12-26 17:13:18
163,2,2024-12-26 17:13:18
163,1,2024-12-26 17:13:18
164,5,2024-12-26 17:13:18
164,8,2024-12-26 17:13:18
164,9,2024-12-26 17:13:18
164,4,2024-12-26 17:13:18
164,3,2024-12-26 17:13:18
165,1,2024-12-26 17:13:18
165,5,2024-12-26 17:13:18
165,8,2024-12-26 17:13:18
166,2,2024-12-26 17:13:18
166,7,2024-12-26 17:13:18
166,8,2024-12-26 17:13:18
167,10,2024-12-26 17:13:18
167,1,2024-12-26 17:13:18
167,3,2024-12-26 17:13:18
168,10,2024-12-26 17:13:18
168,5,2024-12-26 17:13:18
168,2,2024-12-26 17:13:18
169,2,2024-12-26 17:13:18
169,9,2024-12-26 17:13:18
169,7,2024-12-26 17:13:18
170,10,2024-12-26 17:13:18
170,4,2024-12-26 17:13:18
170,7,2024-12-26 17:13:18
170,9,2024-12-26 17:13:18
170,8,2024-12-26 17:13:18
171,10,2024-12-26 17:13:18
171,7,2024-12-26 17:13:18
171,5,2024-12-26 17:13:18
171,8,2024-12-26 17:13:18
172,1,2024-12-26 17:13:18
172,2,2024-12-26 17:13:18
172,4,2024-12-26 17:13:18
172,6,2024-12-26 17:13:18
172,9,2024-12-26 17:13:18
173,2,2024-12-26 17:13:18
173,3,2024-12-26 17:13:18
173,4,2024-12-26 17:13:18
173,10,2024-12-26 17:13:18
174,2,2024-12-26 17:13:18
174,3,2024-12-26 17:13:18
174,1,2024-12-26 17:13:18
174,4,2024-12-26 17:13:18
174,7,2024-12-26 17:13:18
175,10,2024-12-26 17:13:18
175,8,2024-12-26 17:13:18
175,5,2024-12-26 17:13:18
175,1,2024-12-26 17:13:18
175,2,2024-12-26 17:13:18
176,5,2024-12-26 17:13:18
176,8,2024-12-26 17:13:18
176,2,2024-12-26 17:13:18
176,6,2024-12-26 17:13:18
177,5,2024-12-26 17:13:18
177,4,2024-12-26 17:13:18
177,7,2024-12-26 17:13:18
178,9,2024-12-26 17:13:18
178,4,2024-12-26 17:13:18
178,3,2024-12-26 17:13:18
179,3,2024-12-26 17:13:18
179,2,2024-12-26 17:13:18
179,1,2024-12-26 17:13:18
179,9,2024-12-26 17:13:18
180,10,2024-12-26 17:13:18
180,5,2024-12-26 17:13:18
180,8,2024-12-26 17:13:18
180,1,2024-12-26 17:13:18
181,5,2024-12-26 17:13:18
181,7,2024-12-26 17:13:18
181,10,2024-12-26 17:13:18
181,8,2024-12-26 17:13:18
182,8,2024-12-26 17:13:18
182,10,2024-12-26 17:13:18
182,2,2024-12-26 17:13:18
182,5,2024-12-26 17:13:18
182,1,2024-12-26 17:13:18
183,6,2024-12-26 17:13:18
183,5,2024-12-26 17:13:18
183,1,2024-12-26 17:13:18
183,8,2024-12-26 17:13:18
184,10,2024-12-26 17:13:18
184,1,2024-12-26 17:13:18
184,5,2024-12-26 17:13:18
185,1,2024-12-26 17:13:18
185,3,2024-12-26 17:13:18
185,8,2024-12-26 17:13:18
185,5,2024-12-26 17:13:18
185,6,2024-12-26 17:13:18
186,5,2024-12-26 17:13:18
186,3,2024-12-26 17:13:18
186,7,2024-12-26 17:13:18
186,6,2024-12-26 17:13:18
187,2,2024-12-26 17:13:18
187,8,2024-12-26 17:13:18
187,6,2024-12-26 17:13:18
187,4,2024-12-26 17:13:18
188,6,2024-12-26 17:13:18
188,2,2024-12-26 17:13:18
188,3,2024-12-26 17:13:18
188,8,2024-12-26 17:13:18
189,8,2024-12-26 17:13:18
189,5,2024-12-26 17:13:18
189,7,2024-12-26 17:13:18
189,10,2024-12-26 17:13:18
190,1,2024-12-26 17:13:18
190,8,2024-12-26 17:13:18
190,2,2024-12-26 17:13:18
190,3,2024-12-26 17:13:18
190,7,2024-12-26 17:13:18
191,2,2024-12-26 17:13:18
191,7,2024-12-26 17:13:18
191,1,2024-12-26 17:13:18
191,6,2024-12-26 17:13:18
192,8,2024-12-26 17:13:18
192,7,2024-12-26 17:13:18
192,1,2024-12-26 17:13:18
192,2,2024-12-26 17:13:18
192,5,2024-12-26 17:13:18
193,10,2024-12-26 17:13:18
193,8,2024-12-26 17:13:18
193,9,2024-12-26 17:13:18
193,7,2024-12-26 17:13:18
194,4,2024-12-26 17:13:18
194,5,2024-12-26 17:13:18
194,3,2024-12-26 17:13:18
195,8,2024-12-26 17:13:18
195,10,2024-12-26 17:13:18
195,2,2024-12-26 17:13:18
195,1,2024-12-26 17:13:18
196,10,2024-12-26 17:13:18
196,4,2024-12-26 17:13:18
196,3,2024-12-26 17:13:18
196,8,2024-12-26 17:13:18
196,5,2024-12-26 17:13:18
197,9,2024-12-26 17:13:18
197,7,2024-12-26 17:13:18
197,2,2024-12-26 17:13:18
198,2,2024-12-26 17:13:18
198,8,2024-12-26 17:13:18
198,10,2024-12-26 17:13:18
199,3,2024-12-26 17:13:18
199,8,2024-12-26 17:13:18
199,5,2024-12-26 17:13:18
199,9,2024-12-26 17:13:18
199,6,2024-12-26 17:13:18
200,7,2024-12-26 17:13:18
200,8,2024-12-26 17:13:18
200,9,2024-12-26 17:13:18
200,2,2024-12-26 17:13:18
